Michael,Abigail,3d,CvZWU6GX,1,ROLE_INSTRUCTOR
Christopher,Kendra,a,b8KJvYtd,1,ROLE_INSTRUCTOR
Jessica,Carolyn,a1,X6gh6Kdn,1,ROLE_INSTRUCTOR
Matthew,Billy,aa,BaJxV9BS,1,ROLE_INSTRUCTOR
Ashley,Deanna,aaberg,S74dtHEU,1,ROLE_INSTRUCTOR
Jennifer,Jenny,aachen,DqGADRh7,1,ROLE_INSTRUCTOR
Joshua,Jon,aalborg,9WfmA7WU,1,ROLE_INSTRUCTOR
Amanda,Albert,aalesund,qHW67udV,1,ROLE_INSTRUCTOR
Daniel,Taylor,aalii,hgUWes2S,1,ROLE_INSTRUCTOR
David,Lori,aalst,ssMjgVGN,1,ROLE_INSTRUCTOR
James,Rebekah,aalto,SKzTmXrW,1,ROLE_INSTRUCTOR
Robert,Cameron,aam,FSf7AYNh,1,ROLE_INSTRUCTOR
John,Ebony,aara,KEGYvF4D,1,ROLE_INSTRUCTOR
Joseph,Wendy,aarau,ALmFGu2f,1,ROLE_INSTRUCTOR
Andrew,Angel,aardvark,DSgGP8zL,1,ROLE_INSTRUCTOR
Ryan,Micheal,aardwolf,tpVpWD8k,1,ROLE_INSTRUCTOR
Brandon,Kristi,aaren,2r4RGZhL,1,ROLE_INSTRUCTOR
Jason,Caroline,aargau,TZRNuYGu,1,ROLE_INSTRUCTOR
Justin,Colin,aarhus,tdQ68ruw,1,ROLE_INSTRUCTOR
Sarah,Dawn,aarika,dUvCHrMG,1,ROLE_INSTRUCTOR
William,Kari,aaron,uGe4GwwT,1,ROLE_INSTRUCTOR
Stephanie,Arthur,aaronaaronic,MQu32Kmh,1,ROLE_INSTRUCTOR
Brian,Roger,aaronson,S3ssDZax,1,ROLE_INSTRUCTOR
Nicole,Roberto,ab,Re6yfuqL,1,ROLE_INSTRUCTOR
Nicholas,Priscilla,aba,HK9Yu4ET,1,ROLE_INSTRUCTOR
Anthony,Darren,abaca,27KkVCgC,1,ROLE_INSTRUCTOR
Heather,Kelsey,abacist,9kn3jkRc,1,ROLE_INSTRUCTOR
Eric,Clinton,aback,GuCNCEuA,1,ROLE_INSTRUCTOR
Elizabeth,Walter,abacus,JawBcLc3,1,ROLE_INSTRUCTOR
Adam,Louis,abad,MAP6VVxy,1,ROLE_INSTRUCTOR
Melissa,Isaac,abadan,EUS788tE,1,ROLE_INSTRUCTOR
Kevin,Cassie,abaddon,HDMzH8Bj,1,ROLE_INSTRUCTOR
Steven,Grant,abaft,RbDDB6GD,1,ROLE_INSTRUCTOR
Thomas,Cristina,abagael,r4txfMte,1,ROLE_INSTRUCTOR
Timothy,Tonya,abagail,ggVrq7P5,1,ROLE_INSTRUCTOR
Christina,Rodney,abalone,F3fdm2HA,1,ROLE_INSTRUCTOR
Kyle,Bridget,abamp,LJu5hCpf,1,ROLE_INSTRUCTOR
Rachel,Joe,abampere,pR9y5EfQ,1,ROLE_INSTRUCTOR
Laura,Cindy,abana,pLDz6mfb,1,ROLE_INSTRUCTOR
Lauren,Oscar,abandon,TvxtptHn,1,ROLE_INSTRUCTOR
Amber,Willie,abandoned,jNVZJzNt,1,ROLE_INSTRUCTOR
Brittany,Maurice,abarca,pUdsfDkJ,1,ROLE_INSTRUCTOR
Danielle,Jaime,abase,Zxqjgf2r,1,ROLE_INSTRUCTOR
Richard,Angelica,abash,yHRuJF2N,1,ROLE_INSTRUCTOR
Kimberly,Sharon,abate,NXaR7c2S,1,ROLE_INSTRUCTOR
Jeffrey,Julian,abatement,WvhDGQhy,1,ROLE_INSTRUCTOR
Amy,Jack,abatis,7XuNbA7b,1,ROLE_INSTRUCTOR
Crystal,Jay,abattoir,xSshpCYc,1,ROLE_INSTRUCTOR
Michelle,Calvin,abaxial,L2GW7q6M,1,ROLE_INSTRUCTOR
Ross,Orlando,absurd,mKkpTq2N,1,ROLE_INSTRUCTOR
