Melanie,Eugene,1990-09-09
Adrian,Logan,1990-10-07
Stacey,Steve,1991-10-11
Margaret,Ramon,1992-05-18
Sheena,Bryce,1992-12-23
Wesley,Tommy,1993-02-21
Vincent,Preston,1995-11-10
Alexandra,Keri,1996-12-04
Katrina,Devon,2000-01-14
Bethany,Alana,2000-03-03
Nichole,Marisa,2001-04-29
Larry,Melody,2001-07-22
Jeffery,Rose,2002-05-24
Curtis,Barry,2003-09-29
Carrie,Marco,2004-11-13
Todd,Karl,2006-12-17
Blake,Daisy,2009-11-17
Christian,Leonard,2010-12-26
Randy,Randi,2012-08-21
Dennis,Maggie,2015-11-22
Alison,Charlotte,2015-11-24
Trevor,Emma,2017-03-30
Seth,Terrence,2017-06-10
Kara,Justine,2017-08-05
Joanna,Britney,2021-09-04
Rachael,Lacy,1990-02-09
Luke,Jeanette,1993-04-16
Felicia,Francis,1994-04-20
Brooke,Tyson,1995-11-19
Austin,Elise,1995-12-13
Candace,Sylvia,1999-07-04
Jasmine,Rachelle,2000-11-22
Jesus,Stanley,2001-01-12
Alan,Debra,2003-07-31
Susan,Brady,2004-09-03
Sandra,Charity,2007-01-06
Tracy,Hope,2007-11-24
Kayla,Melvin,2010-02-18
Nancy,Johanna,2010-05-17
Tina,Karla,2010-08-13
Krystle,Jarrod,2012-04-04
Russell,Charlene,2013-04-15
Jeremiah,Gabrielle,2014-03-11
Carl,Cesar,2014-04-02
Miguel,Clifford,2017-05-08
Tony,Byron,2018-09-13
Alexis,Terrell,2018-10-10
Gina,Sonia,2019-04-08
Jillian,Julio,2019-10-18
Pamela,Stacie,2021-09-20
Mitchell,Shelby,1991-07-06
Hannah,Shelly,1994-03-20
Renee,Edgar,1994-06-30
Denise,Roxanne,1994-11-20
Molly,Dwayne,1995-02-11
Jerry,Kaitlyn,1996-06-25
Misty,Kasey,1996-07-10
Mario,Jocelyn,1997-02-24
Johnathan,Alexandria,1997-12-24
Jaclyn,Harold,1998-02-01
Brenda,Esther,2000-06-19
Terry,Kerri,2000-09-18
Lacey,Ellen,2000-12-07
Shaun,Abraham,2001-11-25
Devin,Cedric,2002-02-16
Heidi,Carol,2002-05-14
Troy,Katharine,2002-05-26
Lucas,Shauna,2007-05-23
Desiree,Frances,2007-08-01
Jorge,Antoine,2008-08-29
Andre,Tabatha,2010-04-03
Morgan,Annie,2013-10-07
Drew,Erick,2013-10-23
Sabrina,Alissa,2015-02-11
Miranda,Sherry,2021-08-01
Alyssa,Chelsey,1992-04-20
Alisha,Franklin,1993-07-26
Teresa,Branden,1994-05-01
Johnny,Helen,1994-05-21
Meagan,Traci,1999-04-19
Allen,Lorenzo,2000-01-01
Krista,Dean,2000-04-07
Marc,Sonya,2000-12-06
Tabitha,Briana,2004-06-13
Lance,Angelina,2004-10-29
Ricardo,Trista,2005-10-20
Martin,Bianca,2006-04-11
Chase,Leticia,2006-05-08
Theresa,Tia,2007-11-16
Melinda,Kristie,2009-08-10
Monique,Stuart,2011-11-09
Tanya,Laurie,2012-03-17
Linda,Harry,2014-01-11
Kristopher,Leigh,2014-03-27
Bobby,Elisabeth,2014-08-06
Caleb,Alfredo,2016-08-02
Ashlee,Aubrey,2016-12-22
Kelli,Ray,2017-12-11
Henry,Arturo,2019-05-28
Garrett,Joey,2021-08-18
Mallory,Kelley,1992-04-28
Jill,Max,1995-12-06
Jonathon,Andy,2000-05-27
Kristy,Latisha,2000-09-24
Anne,Johnathon,2003-01-04
Francisco,India,2006-05-21
Danny,Eva,2013-04-05
Robin,Ralph,2013-05-23
Lee,Yvonne,2015-11-26
Tamara,Warren,2020-04-22
